id,name,title_id,prize_size,assort,title,series_id,release_month,Arrival_date,get_date,got_status,is_favorite,image_url,image_url1,image_url2,image_url3,image_url4,memo,created_at,updated_at
,?????????? ESPRESTO-Elegant hues-????,1,?21cm,?1?,??????????,2,2026-07,2026-07-23,0,,,https://res.cloudinary.com/dq60t7nqg/image/upload/v1783481893/gakuen_idolmaster_espresto_elegant_hues_arimura_mao_tytenc.jpg,https://res.cloudinary.com/dq60t7nqg/image/upload/v1783481893/gakuen_idolmaster_espresto_elegant_hues_arimura_mao2_o0x0g6.jpg,,,,??????????????????????????(???)?????????? ! ????????????????????????!,,
,?????????? ESPRESTO-Sheer frills-????,1,?16cm,?1?,??????????,2,2026-07,2026-07-29,0,,,https://res.cloudinary.com/dq60t7nqg/image/upload/v1783481894/gakuen_idolmaster_espresto_sheer_frills_himesaki_rinami_nd2sgh.jpg,https://res.cloudinary.com/dq60t7nqg/image/upload/v1783481893/gakuen_idolmaster_espresto_sheer_frills_himesaki_rinami2_h7ih4w.jpg,,,,??????????????????????????(???)?????????? ! ????????????????????????!,,
,????? KING OF ARTIST YAMATO-SPECIAL ver.-,2,?23cm,?1?,?????,3,2026-07,2026-07-07,0,,1,https://res.cloudinary.com/dq60t7nqg/image/upload/v1783483078/one_piece_KING_OF_ARTIST_YAMATO_SPECIAL_ver_eszqvr.jpg,https://res.cloudinary.com/dq60t7nqg/image/upload/v1783483078/one_piece_KING_OF_ARTIST_YAMATO_SPECIAL_ver2_tpbhyx.jpg,https://res.cloudinary.com/dq60t7nqg/image/upload/v1783483079/one_piece_KING_OF_ARTIST_YAMATO_SPECIAL_ver3_zckjtc.jpg,,,"KING OF ARTIST????????????????????????!

?2023?12?????????? KING OF ARTIST THE YAMATO??????????????????",,
,????? KING OF ARTIST KOUZUKI ODEN-SPECIAL ver.-,2,?17cm,?1?,?????,3,2026-07,2026-07-07,0,,1,https://res.cloudinary.com/dq60t7nqg/image/upload/v1783483078/one_piece_KING_OF_ARTIST_KOUZUKI_ODEN_SPECIAL_ver_ojkdmb.jpg,https://res.cloudinary.com/dq60t7nqg/image/upload/v1783483078/one_piece_KING_OF_ARTIST_KOUZUKI_ODEN_SPECIAL_ver2_e2tbwd.jpg,https://res.cloudinary.com/dq60t7nqg/image/upload/v1783483078/one_piece_KING_OF_ARTIST_KOUZUKI_ODEN_SPECIAL_ver3_jhjrfo.jpg,,,"?KING OF ARTIST??????????????????????????!

?2024?11?????????? KING OF ARTIST THE GOL.D.ROGER&KOUZUKI ODEN-SPECIAL ver.-?????B??????????
???????????????????????????????????",,
,HUNTER×HUNTER Grandista-??-,53,?26cm,?1?,????????,4,2026-07,2026-07-16,0,,,https://res.cloudinary.com/dq60t7nqg/image/upload/v1783492804/hunter_x_hunter_Grandista_Gon_hkv6az.jpg,https://res.cloudinary.com/dq60t7nqg/image/upload/v1783492803/hunter_x_hunter_Grandista_Gon2_vrx8iu.jpg,,,,"TV????HUNTER×HUNTER???????Grandista????????!
???????????????????????????????????????????????????????????????????????????????
HUNTER×HUNTER??????????????????",,
,???????? Grandista-SON GOKU-?,9,?25cm,?1?,???????,4,2026-07,2026-07-22,0,,,https://res.cloudinary.com/dq60t7nqg/image/upload/v1783492799/dragon_ball_super_Grandista_SON_GOKU_III_xobixu.jpg,https://res.cloudinary.com/dq60t7nqg/image/upload/v1783492803/dragon_ball_super_Grandista_SON_GOKU_III2_tz3i9t.jpg,,,,"Grandista?????????????? ????????????
?????????????????????????????????
????????????????????????????????????????",,
,??????????? Grandista-TODOROKI SHOTO-,10,?21cm,?1?,??????????? ,4,2026-07,2026-07-23,0,,,https://res.cloudinary.com/dq60t7nqg/image/upload/v1783492797/my_hero_academia_Grandista_TODOROKI_SHOTO_w2zpil.jpg,https://res.cloudinary.com/dq60t7nqg/image/upload/v1783492796/my_hero_academia_Grandista_TODOROKI_SHOTO2_mcqdbl.jpg,,,,Grandista????????!,,
,???? Grandista-ZEN’IN MAKI-,4,?26cm,?1?,????,4,2026-07,2026-07-29,0,,,https://res.cloudinary.com/dq60t7nqg/image/upload/v1780081520/jujutsu_kaisen_Grandista_ZENIN_MAKI__yk9gpj.jpg,https://res.cloudinary.com/dq60t7nqg/image/upload/v1783492794/jujutsu_kaisen_Grandista_ZENIN_MAKI2_azf3uq.jpg,,,,"??????????????????????????????????Grandista?????????????????!
??????????????????????????",,
,???? Grandista-OKKOTSU YUTA-,4,?27cm,?1?,????,4,2026-09,,0,,,https://res.cloudinary.com/dq60t7nqg/image/upload/v1783492804/jujutsu_kaisen_Grandista_OKKOTSU_YUTA_tpeult.jpg,,,,,Grandista????????!,,
,BLEACH Grandista-AIZEN SOUSUKE-,61,?28cm,?1?,BLEACH,4,2026-09,,0,,1,https://res.cloudinary.com/dq60t7nqg/image/upload/v1783492798/bleach_Grandista_AIZEN_SOUSUKE_hwsfzk.jpg,https://res.cloudinary.com/dq60t7nqg/image/upload/v1783492798/bleach_Grandista_AIZEN_SOUSUKE2_uxlzrk.jpg,https://res.cloudinary.com/dq60t7nqg/image/upload/v1783492799/bleach_Grandista_AIZEN_SOUSUKE3_mcaonj.jpg,,,??????????????????????????????????Grandista?????????????!,,
,????? Grandista-???-,11,?25cm(???28cm),?1?,?????,4,2026-09,,0,,1,https://res.cloudinary.com/dq60t7nqg/image/upload/v1783492795/kingdom_Grandista_YOTANWA_frbulh.jpg,https://res.cloudinary.com/dq60t7nqg/image/upload/v1783492796/kingdom_Grandista_YOTANWA2_sts94e.jpg,,,,"Grandista???????????!
10???????????????!",,
,????? Grandista-??-,11,26cm,?1?,?????,4,2026-09,,0,,1,https://res.cloudinary.com/dq60t7nqg/image/upload/v1783492795/kingdom_Grandista_RIBOKU_l4bbyx.jpg,https://res.cloudinary.com/dq60t7nqg/image/upload/v1783492794/kingdom_Grandista_RIBOKU2_xyn3sj.jpg,,,,"Grandista??????????!
10???????????????!",,
,????? Grandista-??-,11,?34cm,?1?,?????,4,2026-10,,0,,1,https://res.cloudinary.com/dq60t7nqg/image/upload/v1783492795/kingdom_Grandista_HOUKEN_vj63nk.jpg,https://res.cloudinary.com/dq60t7nqg/image/upload/v1783492795/kingdom_Grandista_HOUKEN2_phmtkg.jpg,,,,"Grandista??????????!
9??????Grandista ?????????!",,
,????? DXF~THE GRANDLINE SERIES~EXTRA MONKEY.D.LUFFY GEAR5 SPECIAL ver.,2,?15cm,?1?,?????,5,2026-07,2026-07-18,0,,1,https://res.cloudinary.com/dq60t7nqg/image/upload/v1783494867/one_piece_DXF_THE_GRANDLINE_SERIES_EXTRA_MONKEY_D_LUFFY_GEAR5_SPECIAL_ver_k5yli8.jpg,https://res.cloudinary.com/dq60t7nqg/image/upload/v1783494867/one_piece_DXF_THE_GRANDLINE_SERIES_EXTRA_MONKEY_D_LUFFY_GEAR5_SPECIAL_ver2_hq0zvt.jpg,https://res.cloudinary.com/dq60t7nqg/image/upload/v1783494866/one_piece_DXF_THE_GRANDLINE_SERIES_EXTRA_MONKEY_D_LUFFY_GEAR5_SPECIAL_ver3_txhmdb.jpg,,,"?GRANDLINE SERIES?????????D???????????????????????!

??????????????
?2023?10?????????? DXF~THE GRANDLINE SERIES~EXTRA MONKEY.D.LUFFY GEAR5???????????
???????????????????????????????????",,
,????? GLITTER&GLAMOURS-NAMI SUMMER STYLE-,2,?11cm,?1?,?????,6,2026-07,2026-07-22,0,,1,https://res.cloudinary.com/dq60t7nqg/image/upload/v1783502059/one_piece_GLITTER_GLAMOURS_NAMI_SUMMER_STYLE_yv65rz.jpg,https://res.cloudinary.com/dq60t7nqg/image/upload/v1783502060/one_piece_GLITTER_GLAMOURS_NAMI_SUMMER_STYLE2_bmo1xz.jpg,https://res.cloudinary.com/dq60t7nqg/image/upload/v1783502060/one_piece_GLITTER_GLAMOURS_NAMI_SUMMER_STYLE3_txjvtg.jpg,https://res.cloudinary.com/dq60t7nqg/image/upload/v1783502061/one_piece_GLITTER_GLAMOURS_NAMI_SUMMER_STYLE4_naney5.jpg,https://res.cloudinary.com/dq60t7nqg/image/upload/v1783502064/one_piece_GLITTER_GLAMOURS_NAMI_SUMMER_STYLE6_tchmcv.jpg,"????”???”
????????????????????????????????????????? ?GLITTER&GLAMOURS??????????????????!",,
,????? GLITTER&GLAMOURS-NICO ROBIN SUMMER STYLE-,2,?11cm(???14cm),?1?,?????,6,2026-07,2026-07-22,0,,1,https://res.cloudinary.com/dq60t7nqg/image/upload/v1783502064/one_piece_GLITTER_GLAMOURS_NICO_ROBIN_SUMMER_STYLE_uzvibi.jpg,https://res.cloudinary.com/dq60t7nqg/image/upload/v1783502066/one_piece_GLITTER_GLAMOURS_NICO_ROBIN_SUMMER_STYLE2_h7afak.jpg,https://res.cloudinary.com/dq60t7nqg/image/upload/v1783502066/one_piece_GLITTER_GLAMOURS_NICO_ROBIN_SUMMER_STYLE3_rkihgv.jpg,https://res.cloudinary.com/dq60t7nqg/image/upload/v1783502066/one_piece_GLITTER_GLAMOURS_NICO_ROBIN_SUMMER_STYLE4_xhjg8q.jpg,https://res.cloudinary.com/dq60t7nqg/image/upload/v1783502059/one_piece_GLITTER_GLAMOURS_NICO_ROBIN_SUMMER_STYLE5_gygdpq.jpg,"????”???”
????????????????????????????????????????? ?GLITTER&GLAMOURS??????????????????????!",,
,HUNTER×HUNTER VIBRATION STARS-????-,53,?21cm,?1?,????????,12,2026-07,2026-07-16,0,,,https://res.cloudinary.com/dq60t7nqg/image/upload/v1783503243/HUNTERxHUNTER_VIBRATION_STARS_KNUCKLE_xhwg0e.jpg,https://res.cloudinary.com/dq60t7nqg/image/upload/v1783503244/HUNTERxHUNTER_VIBRATION_STARS_KNUCKLE2_rfwox5.jpg,https://res.cloudinary.com/dq60t7nqg/image/upload/v1783503245/HUNTERxHUNTER_VIBRATION_STARS_KNUCKLE3_wbkajk.jpg,https://res.cloudinary.com/dq60t7nqg/image/upload/v1783503246/HUNTERxHUNTER_VIBRATION_STARS_KNUCKLE4_uhyth2.jpg,https://res.cloudinary.com/dq60t7nqg/image/upload/v1783503247/HUNTERxHUNTER_VIBRATION_STARS_KNUCKLE5_lfhkzt.jpg,"??????????????????????????????????VIBRATION STARS????????????????!
?????????????????(????)?????????????????????!",,
,????? VIBRATION STARS-??-,11,?18cm,?1?,?????,12,2026-07,2026-07-28,0,,1,https://res.cloudinary.com/dq60t7nqg/image/upload/v1783503249/KINGDOM_VIBRATION_STARS_MOUTEN_ckxkku.jpg,https://res.cloudinary.com/dq60t7nqg/image/upload/v1783503250/KINGDOM_VIBRATION_STARS_MOUTEN2_s1smjg.jpg,,,,"?VIBRATION STARS???????????????????!
????????????????????????????????!",,
,????? VIBRATION STARS-??-,11,?16cm,?1?,?????,12,2026-07,2026-07-28,0,,1,https://res.cloudinary.com/dq60t7nqg/image/upload/v1783503251/KINGDOM_VIBRATION_STARS_OUHON_m3ntxb.jpg,https://res.cloudinary.com/dq60t7nqg/image/upload/v1783503252/KINGDOM_VIBRATION_STARS_OUHON2_zmifxm.jpg,,,,"?VIBRATION STARS???????????????????!
????????????????????????????????!",,
,MAO VIBRATION STARS-??-,11,?12cm,?1?,?????,12,2026-07,2026-07-27,0,,,https://res.cloudinary.com/dq60t7nqg/image/upload/v1783503240/MAO_VIBRATION_STARS_MAO_k62uzf.jpg,https://res.cloudinary.com/dq60t7nqg/image/upload/v1783503239/MAO_VIBRATION_STARS_MAO2_shuikc.jpg,https://res.cloudinary.com/dq60t7nqg/image/upload/v1783503241/MAO_VIBRATION_STARS_MAO3_hvrshr.jpg,https://res.cloudinary.com/dq60t7nqg/image/upload/v1783503242/MAO_VIBRATION_STARS_MAO4_ejvjfc.jpg,,"????????TV???MAO??????????VIBRATION STARS?????????????!
???????????????VIBRATION STARS??????????????
????????????????(Vibration)????????????????????!",,
,????? VIBRATION STARS-??-,11,?16cm,?1?,?????,12,2026-10,,0,,1,https://res.cloudinary.com/dq60t7nqg/image/upload/v1783503248/KINGDOM_VIBRATION_STARS_KYOUKAI_gxw2lb.jpg,,,,,"VIBRATION STARS???????!
9??????Grandista-???-???????!",,
,??????????? MAXIMATIC MIRKO,10,?20cm(???23cm),?1?,??????????? ,16,2026-07,2026-07-16,0,,,https://res.cloudinary.com/dq60t7nqg/image/upload/v1783503648/MY_HERO_ACADEMIA_MAXIMATIC_MIRKO_vel11k.jpg,https://res.cloudinary.com/dq60t7nqg/image/upload/v1783503650/MY_HERO_ACADEMIA_MAXIMATIC_MIRKO2_pn9wm8.jpg,,,,MAXIMATIC????????????!???????????????????????????,,
,??????????? MAXIMATIC KATSUKI BAKUGO ?,10,?23cm,?1?,??????????? ,16,2026-07,2026-07-29,0,,,https://res.cloudinary.com/dq60t7nqg/image/upload/v1783503649/MY_HERO_ACADEMIA_MAXIMATIC_KATSUKI_BAKUGO_III_yiivb2.jpg,https://res.cloudinary.com/dq60t7nqg/image/upload/v1783503647/MY_HERO_ACADEMIA_MAXIMATIC_KATSUKI_BAKUGO_III2_uvtfeh.jpg,,,,"????????????!?""??""???????????????????????????!",,
,?-Saki- -Relax time-???,64,?13cm,?1?,?-Saki-,18,2026-10,,0,,,https://res.cloudinary.com/dq60t7nqg/image/upload/v1783504116/SAKI_RELAX_TIME_MIYANAGA_SAKI_gzd890.jpg,,,,,???????????????????????????????????????????????????!,,
,?-Saki- -Relax time-???,64,?13cm,?1?,?-Saki-,18,2026-10,,0,,,https://res.cloudinary.com/dq60t7nqg/image/upload/v1783504115/SAKI_RELAX_TIME_HARAMURA_NODOKA_dgcobn.jpg,,,,,??????????????????????????????????????????????????!,,
,???????Z SOLID EDGE WORKS-THE??-????,9,?19cm,?1?,???????,7,2026-07,2026-07-14,0,,,https://res.cloudinary.com/dq60t7nqg/image/upload/v1783555468/DRAGON_BALL_Z_SOLID_EDGE_WORKS_THE_SHUTSUJIN_PICCOLO_wj2mfb.jpg,https://res.cloudinary.com/dq60t7nqg/image/upload/v1783555467/DRAGON_BALL_Z_SOLID_EDGE_WORKS_THE_SHUTSUJIN_PICCOLO2_nbdh5o.jpg,,,,"?SOLID EDGE WORKS-THE??-?????????????????????????????!
??????????????????????????????????????????!",,
,Re:?????????????Desktop Cute ????????~Star Dreamy ver.~Renewal,17,?13cm,?1?,Re:????????????,22,2026-07,,0,,,,,,,,,,
,To LOVE?-????-??????Desktop Cute ??????????~???????ver.~,22,?13cm,?1?,To LOVE? ,22,2026-07,,0,,,,,,,,,,
,???100%?Desktop Cute ?????????~??ver.~,82,?13cm,?1?,???,22,2026-07,,0,,,,,,,,,,
,????!?Desktop Cute ??????????~??????ver.~,82,?13cm,?1?,???,22,2026-07,,0,,,https://res.cloudinary.com/dq60t7nqg/image/upload/v1783556005/TORADORA_DESKTOP_CUTE_FIGURE_AISAKA_TAIGA_TIGER_SWIMSUIT_VER_o9oqbd.png,,,,,,,
,????????Coreful ??????????~??ver.~,25,?18cm,?1?,???????,23,2026-07,,0,,,https://res.cloudinary.com/dq60t7nqg/image/upload/v1783556300/OVERLORD_COREFUL_FIGURE_ALBEDO_PIRATE_VER_ny7fg1.png,,,,,,,
,???????????????Coreful ??????????~??ver.~,82,?18cm,?1?,???,23,2026-07,,0,,,,,,,,,,
,?????????Coreful ???????????~??ver.~,12,?18cm,?1?,????????,23,2026-07,,0,,,https://res.cloudinary.com/dq60t7nqg/image/upload/v1783556302/FRIEREN_BEYONDS_JOURNEYS_END_COREFUL_FIGURE_FRIEREN_DETECTIVE_VER_jqiv8q.png,,,,,,,
,?????T-most??????,16,?30cm(????),?1?,????,20,2026-07,,0,,,,,,,,,,
,???Luminasta-????-,60,???12×18cm,?1?,??,28,2026-07,,0,,,https://res.cloudinary.com/dq60t7nqg/image/upload/v1783564305/BAKI_DO_LUMINASTA_HANMA_BAKI_fp9gla.webp,https://res.cloudinary.com/dq60t7nqg/image/upload/v1783564306/BAKI_DO_LUMINASTA_HANMA_BAKI2_m76jab.webp,https://res.cloudinary.com/dq60t7nqg/image/upload/v1783564307/BAKI_DO_LUMINASTA_HANMA_BAKI3_i1yo25.webp,https://res.cloudinary.com/dq60t7nqg/image/upload/v1783564307/BAKI_DO_LUMINASTA_HANMA_BAKI4_zt7g59.webp,https://res.cloudinary.com/dq60t7nqg/image/upload/v1783564308/BAKI_DO_LUMINASTA_HANMA_BAKI5_jrmndd.webp,??????????????????“Luminasta(?????)”?????! ,,
,????????Luminasta-???-,4,???12×19cm,?1?,????,28,2026-07,2026-07-24,0,,,https://res.cloudinary.com/dq60t7nqg/image/upload/v1783564326/JUJUTSU_KAISEN_CULLING_GAME_LUMINASTA_HAKARI_KINJI_kuqyrh.webp,https://res.cloudinary.com/dq60t7nqg/image/upload/v1783564327/JUJUTSU_KAISEN_CULLING_GAME_LUMINASTA_HAKARI_KINJI2_k4wd1n.webp,https://res.cloudinary.com/dq60t7nqg/image/upload/v1783564328/JUJUTSU_KAISEN_CULLING_GAME_LUMINASTA_HAKARI_KINJI3_aclba1.webp,https://res.cloudinary.com/dq60t7nqg/image/upload/v1783564329/JUJUTSU_KAISEN_CULLING_GAME_LUMINASTA_HAKARI_KINJI4_sx3anr.webp,https://res.cloudinary.com/dq60t7nqg/image/upload/v1783564329/JUJUTSU_KAISEN_CULLING_GAME_LUMINASTA_HAKARI_KINJI5_eo4lj3.webp,TV??????????????????“Luminasta(?????)”???!,,
,MARVELLuminasta-???????-,47,???17×19cm,?1?,MARVEL,28,2026-07,2026-07-30,0,,,https://res.cloudinary.com/dq60t7nqg/image/upload/v1783564301/MARVEL_LUMINASTA_SPIDER_MAN_pc7mhx.webp,https://res.cloudinary.com/dq60t7nqg/image/upload/v1783564302/MARVEL_LUMINASTA_SPIDER_MAN2_bhoeos.webp,https://res.cloudinary.com/dq60t7nqg/image/upload/v1783564302/MARVEL_LUMINASTA_SPIDER_MAN3_sr7bat.webp,https://res.cloudinary.com/dq60t7nqg/image/upload/v1783564303/MARVEL_LUMINASTA_SPIDER_MAN4_tgzd6z.webp,https://res.cloudinary.com/dq60t7nqg/image/upload/v1783564304/MARVEL_LUMINASTA_SPIDER_MAN5_czvo8a.webp,????????????????????????????“Luminasta(?????)”?????!,,
,????????Luminasta“????”ConceptualseriesVol.1??Ver.,16,???7×21cm,?1?,????,28,2026-08,2026-08-06,0,,,https://res.cloudinary.com/dq60t7nqg/image/upload/v1783564321/HATSUNE_MIKU_SERIES_LUMINASTA_HATSUNE_MIKU_CONCEPTUAL_SERIES_VOL_1_NANGOKU_VER_xfe3mi.webp,https://res.cloudinary.com/dq60t7nqg/image/upload/v1783564322/HATSUNE_MIKU_SERIES_LUMINASTA_HATSUNE_MIKU_CONCEPTUAL_SERIES_VOL_1_NANGOKU_VER2_qt8pr0.webp,https://res.cloudinary.com/dq60t7nqg/image/upload/v1783564323/HATSUNE_MIKU_SERIES_LUMINASTA_HATSUNE_MIKU_CONCEPTUAL_SERIES_VOL_1_NANGOKU_VER3_q8snam.webp,https://res.cloudinary.com/dq60t7nqg/image/upload/v1783564324/HATSUNE_MIKU_SERIES_LUMINASTA_HATSUNE_MIKU_CONCEPTUAL_SERIES_VOL_1_NANGOKU_VER4_gley30.webp,https://res.cloudinary.com/dq60t7nqg/image/upload/v1783564325/HATSUNE_MIKU_SERIES_LUMINASTA_HATSUNE_MIKU_CONCEPTUAL_SERIES_VOL_1_NANGOKU_VER5_xortbz.webp,???????????????????????????????????????????????!,,
,?????????Luminasta-?????-??????????,13,???22×27cm,?1?,????,28,2026-08,2026-08-06,0,,,https://res.cloudinary.com/dq60t7nqg/image/upload/v1783564316/DEMON_SLAYER_KIMETSU_NO_YAIBA_LUMINASTA_KAMADO_TANJIRO_HINOKAMI_KAGURA_SHAYO_TENSHIN_yjyefr.webp,https://res.cloudinary.com/dq60t7nqg/image/upload/v1783564316/DEMON_SLAYER_KIMETSU_NO_YAIBA_LUMINASTA_KAMADO_TANJIRO_HINOKAMI_KAGURA_SHAYO_TENSHIN2_gne52c.webp,https://res.cloudinary.com/dq60t7nqg/image/upload/v1783564317/DEMON_SLAYER_KIMETSU_NO_YAIBA_LUMINASTA_KAMADO_TANJIRO_HINOKAMI_KAGURA_SHAYO_TENSHIN3_yqoiww.webp,https://res.cloudinary.com/dq60t7nqg/image/upload/v1783564318/DEMON_SLAYER_KIMETSU_NO_YAIBA_LUMINASTA_KAMADO_TANJIRO_HINOKAMI_KAGURA_SHAYO_TENSHIN4_tw3nn5.webp,https://res.cloudinary.com/dq60t7nqg/image/upload/v1783564319/DEMON_SLAYER_KIMETSU_NO_YAIBA_LUMINASTA_KAMADO_TANJIRO_HINOKAMI_KAGURA_SHAYO_TENSHIN5_tj79du.webp,????????????“????”?????????????????!??????????????????,,
,???Luminasta-?????-,60,???10×25cm,?1?,??,28,2026-08,2026-08-06,0,,,https://res.cloudinary.com/dq60t7nqg/image/upload/v1783564311/BAKI_DO_LUMINASTA_HANMA_YUJIRO_vgtyth.webp,https://res.cloudinary.com/dq60t7nqg/image/upload/v1783564311/BAKI_DO_LUMINASTA_HANMA_YUJIRO2_nzet6i.webp,https://res.cloudinary.com/dq60t7nqg/image/upload/v1783564312/BAKI_DO_LUMINASTA_HANMA_YUJIRO3_v5jg3q.webp,https://res.cloudinary.com/dq60t7nqg/image/upload/v1783564313/BAKI_DO_LUMINASTA_HANMA_YUJIRO4_ag7nxn.webp,https://res.cloudinary.com/dq60t7nqg/image/upload/v1783564314/BAKI_DO_LUMINASTA_HANMA_YUJIRO5_kkf0jz.webp,??????????????????????????????????!,,
,????Luminasta-????-????????Ver.,4,???13×17cm,?1?,????,28,2026-08,2026-08-06,0,,,https://res.cloudinary.com/dq60t7nqg/image/upload/v1783564331/jujutsu_kaisen_luminasta_nanami_kento_kyoutou_brushup_ver_tmeesa.webp,https://res.cloudinary.com/dq60t7nqg/image/upload/v1783564332/jujutsu_kaisen_luminasta_nanami_kento_kyoutou_brushup_ver2_blhee5.webp,https://res.cloudinary.com/dq60t7nqg/image/upload/v1783564333/jujutsu_kaisen_luminasta_nanami_kento_kyoutou_brushup_ver3_tvtzg4.webp,https://res.cloudinary.com/dq60t7nqg/image/upload/v1783564334/jujutsu_kaisen_luminasta_nanami_kento_kyoutou_brushup_ver4_svteke.webp,https://res.cloudinary.com/dq60t7nqg/image/upload/v1783564334/jujutsu_kaisen_luminasta_nanami_kento_kyoutou_brushup_ver5_zzqqoe.webp,???????????“Luminasta(?????)”???TV??????????????????????????????????!????????????????????????,,
,????????Luminasta-????-,4,???23×17cm,?1?,????,28,2026-08,2026-08-28,0,,,https://res.cloudinary.com/dq60t7nqg/image/upload/v1783564338/jujutsu_kaisen_shimetsu_kaigyu_luminasta_takaba_fumihiko_q36eyt.webp,https://res.cloudinary.com/dq60t7nqg/image/upload/v1783564339/jujutsu_kaisen_shimetsu_kaigyu_luminasta_takaba_fumihiko2_izzeis.webp,https://res.cloudinary.com/dq60t7nqg/image/upload/v1783564340/jujutsu_kaisen_shimetsu_kaigyu_luminasta_takaba_fumihiko3_zps6tq.webp,https://res.cloudinary.com/dq60t7nqg/image/upload/v1783564341/jujutsu_kaisen_shimetsu_kaigyu_luminasta_takaba_fumihiko4_lxsglq.webp,https://res.cloudinary.com/dq60t7nqg/image/upload/v1783564342/jujutsu_kaisen_shimetsu_kaigyu_luminasta_takaba_fumihiko5_kiuma3.webp,???????????“Luminasta(?????)”???TV????????????????????!???????????????????????????????????,,
,????!Luminasta-???-,71,???10×18cm,?1?,????!,28,2026-08,2026-08-28,0,,,https://res.cloudinary.com/dq60t7nqg/image/upload/v1783564294/keion_luminasta_nakano_azusa_shwdq4.webp,https://res.cloudinary.com/dq60t7nqg/image/upload/v1783564295/keion_luminasta_nakano_azusa2_p8wsj8.webp,https://res.cloudinary.com/dq60t7nqg/image/upload/v1783564296/keion_luminasta_nakano_azusa3_bdywec.webp,https://res.cloudinary.com/dq60t7nqg/image/upload/v1783564296/keion_luminasta_nakano_azusa4_bwazev.webp,https://res.cloudinary.com/dq60t7nqg/image/upload/v1783564297/keion_luminasta_nakano_azusa5_ccqet8.webp,?????!?????????“Luminasta(?????)”?????????????????????????????????????????????????????!,,
,????!Luminasta-???-,71,???14×17cm,?1?,????!,28,2026-08,2026-08-28,0,,,https://res.cloudinary.com/dq60t7nqg/image/upload/v1783564343/keion_luminasta_hirasawa_yui_wj1um9.webp,https://res.cloudinary.com/dq60t7nqg/image/upload/v1783564344/keion_luminasta_hirasawa_yui2_gd9ayg.webp,https://res.cloudinary.com/dq60t7nqg/image/upload/v1783564345/keion_luminasta_hirasawa_yui3_bvuy74.webp,https://res.cloudinary.com/dq60t7nqg/image/upload/v1783564346/keion_luminasta_hirasawa_yui4_obhv36.webp,https://res.cloudinary.com/dq60t7nqg/image/upload/v1783564293/keion_luminasta_hirasawa_yui5_vjgvfr.webp,?????!?????????“Luminasta(?????)”?????????????????????????????????????????????????????!,,
,????????????????????Yumemirize-?????-,82,???15×11cm,?1?,???,26,2026-08,2026-08-06,0,,,https://res.cloudinary.com/dq60t7nqg/image/upload/v1783567272/ano_hana_yumemirize_honma_meiko_jnvx1l.webp,https://res.cloudinary.com/dq60t7nqg/image/upload/v1783567272/ano_hana_yumemirize_honma_meiko2_v1a9q0.webp,https://res.cloudinary.com/dq60t7nqg/image/upload/v1783567272/ano_hana_yumemirize_honma_meiko3_rqgptp.webp,https://res.cloudinary.com/dq60t7nqg/image/upload/v1783567273/ano_hana_yumemirize_honma_meiko4_bqbxv4.webp,https://res.cloudinary.com/dq60t7nqg/image/upload/v1783567273/ano_hana_yumemirize_honma_meiko5_h6aaam.webp,?????????????????????????????????????????????!,,
,?????~???????????~Yumemirize-????-,82,???16×12cm,?1?,???,26,2026-08,2026-08-28,0,,,https://res.cloudinary.com/dq60t7nqg/image/upload/v1783567272/mushoku_tensei_3_isekai_ittara_honki_dasu_yumemirize_roxy_flxqzh.webp,https://res.cloudinary.com/dq60t7nqg/image/upload/v1783567272/mushoku_tensei_3_isekai_ittara_honki_dasu_yumemirize_roxy2_rg17hy.webp,https://res.cloudinary.com/dq60t7nqg/image/upload/v1783567272/mushoku_tensei_3_isekai_ittara_honki_dasu_yumemirize_roxy3_uqypgz.webp,https://res.cloudinary.com/dq60t7nqg/image/upload/v1783567272/mushoku_tensei_3_isekai_ittara_honki_dasu_yumemirize_roxy4_whvzed.webp,,TV????????? ~???????????~??????????????????“Yumemirize(??????)”??????,,
,????????FIGURIZM?“?????”~??~,12,???17×36cm,?1?,????????,29,2026-07,2026-07-24,0,,,https://res.cloudinary.com/dq60t7nqg/image/upload/v1783567703/sousou_no_frieren_figurizm_alpha_frieren_hanamai_caitov.webp,https://res.cloudinary.com/dq60t7nqg/image/upload/v1783567704/sousou_no_frieren_figurizm_alpha_frieren_hanamai3_gfu1of.webp,https://res.cloudinary.com/dq60t7nqg/image/upload/v1783567705/sousou_no_frieren_figurizm_alpha_frieren_hanamai4_tfwgeg.webp,https://res.cloudinary.com/dq60t7nqg/image/upload/v1783567706/sousou_no_frieren_figurizm_alpha_frieren_hanamai6_ddi3r2.webp,https://res.cloudinary.com/dq60t7nqg/image/upload/v1783567706/sousou_no_frieren_figurizm_alpha_frieren_hanamai5_ptqcj7.webp,TV???????????????????????“FIGURIZM?(??????????)”???!???????????????????????????????????????????????????????????????????????????,,
,????????5FIGURIZM?“?????????”,82,???28×20cm,?1?,???,29,2026-07,2026-07-03,0,,,https://res.cloudinary.com/dq60t7nqg/image/upload/v1783567707/toy_story_5_figurizm_alpha_buzz_lightyear_ofhqep.webp,https://res.cloudinary.com/dq60t7nqg/image/upload/v1783567707/toy_story_5_figurizm_alpha_buzz_lightyear2_utaqlk.webp,https://res.cloudinary.com/dq60t7nqg/image/upload/v1783567708/toy_story_5_figurizm_alpha_buzz_lightyear3_a09x7p.webp,https://res.cloudinary.com/dq60t7nqg/image/upload/v1783567708/toy_story_5_figurizm_alpha_buzz_lightyear4_h7jwok.webp,https://res.cloudinary.com/dq60t7nqg/image/upload/v1783567709/toy_story_5_figurizm_alpha_buzz_lightyear5_xh3six.webp,?????????????5????????????????“FIGURIZM?(??????????)”???!?????????????!??????????????????????????????????,,
,????????FIGURIZM?-??(????)-,4,???20×24cm,?1?,????,29,2026-08,2026-08-28,0,,,https://res.cloudinary.com/dq60t7nqg/image/upload/v1783567702/jujutsu_kaisen_shimetsu_kaiyu_figurizm_alpha_rika_kanzen_kengen_nlijb5.webp,https://res.cloudinary.com/dq60t7nqg/image/upload/v1783567702/jujutsu_kaisen_shimetsu_kaiyu_figurizm_alpha_rika_kanzen_kengen2_izoepu.webp,https://res.cloudinary.com/dq60t7nqg/image/upload/v1783567703/jujutsu_kaisen_shimetsu_kaiyu_figurizm_alpha_rika_kanzen_kengen3_f53abz.webp,https://res.cloudinary.com/dq60t7nqg/image/upload/v1783567703/jujutsu_kaisen_shimetsu_kaiyu_figurizm_alpha_rika_kanzen_kengen4_ndpy5v.webp,https://res.cloudinary.com/dq60t7nqg/image/upload/v1783567703/jujutsu_kaisen_shimetsu_kaiyu_figurizm_alpha_rika_kanzen_kengen5_ia47i8.webp,TV???????????????(????)??“FIGURIZM?(??????????)”???!????????????????????????????24cm?????????????????????,,
,????????XStellar-????×??????-SummerVer.,16,???18×19cm,?1?,????,25,2026-07,2026-07-24,0,,,https://res.cloudinary.com/dq60t7nqg/image/upload/v1783568700/hatsune_miku_series_xstellar_hatsune_miku_cinnamoroll_summer_ver_sezcwh.webp,https://res.cloudinary.com/dq60t7nqg/image/upload/v1783568701/hatsune_miku_series_xstellar_hatsune_miku_cinnamoroll_summer_ver2_u4k06o.webp,https://res.cloudinary.com/dq60t7nqg/image/upload/v1783568376/hatsune_miku_series_xstellar_hatsune_miku_cinnamoroll_summer_ver3_mhwew6.webp,https://res.cloudinary.com/dq60t7nqg/image/upload/v1783568693/hatsune_miku_series_xstellar_hatsune_miku_cinnamoroll_summer_ver4_hscfwd.webp,https://res.cloudinary.com/dq60t7nqg/image/upload/v1783568693/hatsune_miku_series_xstellar_hatsune_miku_cinnamoroll_summer_ver5_atbts0.webp,?????×?????????????????????????????????????????????!,,
,????????????XStellar-????????-??????,36,???7×21cm,?1?,??? ????????? ,25,2026-08,2026-08-28,0,,,https://res.cloudinary.com/dq60t7nqg/image/upload/v1783568694/umamusume_pretty_derby_xstellar_cheval_grand_toresen_ondo_tiz1e1.webp,https://res.cloudinary.com/dq60t7nqg/image/upload/v1783568694/umamusume_pretty_derby_xstellar_cheval_grand_toresen_ondo2_kapkrl.webp,https://res.cloudinary.com/dq60t7nqg/image/upload/v1783568694/umamusume_pretty_derby_xstellar_cheval_grand_toresen_ondo3_nqe0k6.webp,https://res.cloudinary.com/dq60t7nqg/image/upload/v1783568695/umamusume_pretty_derby_xstellar_cheval_grand_toresen_ondo4_rbxamn.webp,https://res.cloudinary.com/dq60t7nqg/image/upload/v1783568696/umamusume_pretty_derby_xstellar_cheval_grand_toresen_ondo5_t2di16.webp,???? ?????????????????????????????????????“XStellar(?????)”?????!,,
,????????????XStellar-???????-??????,36,???10×22cm,?1?,??? ????????? ,25,2026-08,2026-08-28,0,,,https://res.cloudinary.com/dq60t7nqg/image/upload/v1783568696/umamusume_pretty_derby_xstellar_satono_crown_toresen_ondo_hnfdwe.webp,https://res.cloudinary.com/dq60t7nqg/image/upload/v1783568697/umamusume_pretty_derby_xstellar_satono_crown_toresen_ondo2_vissw0.webp,https://res.cloudinary.com/dq60t7nqg/image/upload/v1783568698/umamusume_pretty_derby_xstellar_satono_crown_toresen_ondo3_xrudig.webp,https://res.cloudinary.com/dq60t7nqg/image/upload/v1783568698/umamusume_pretty_derby_xstellar_satono_crown_toresen_ondo4_us7u9u.webp,https://res.cloudinary.com/dq60t7nqg/image/upload/v1783568699/umamusume_pretty_derby_xstellar_satono_crown_toresen_ondo5_g0gks4.webp,???? ????????????????????????????????????“XStellar(?????)”?????!,,
,?????????XrossLink?????“?????“,13,???14.5×12cm,?1?,????,27,2026-07,2026-07-10,0,,,https://res.cloudinary.com/dq60t7nqg/image/upload/v1783569282/kimetsu_no_yaiba_xrosslink_kamado_tanjiro_wbsz7v.webp,https://res.cloudinary.com/dq60t7nqg/image/upload/v1783569280/kimetsu_no_yaiba_xrosslink_kamado_tanjiro2_bgkwzx.webp,https://res.cloudinary.com/dq60t7nqg/image/upload/v1783569280/kimetsu_no_yaiba_xrosslink_kamado_tanjiro3_byepbo.webp,https://res.cloudinary.com/dq60t7nqg/image/upload/v1783569281/kimetsu_no_yaiba_xrosslink_kamado_tanjiro4_btw5bt.webp,https://res.cloudinary.com/dq60t7nqg/image/upload/v1783569276/kimetsu_no_yaiba_xrosslink_kamado_tanjiro5_hgmzla.webp,????????????!???????“XrossLink(??????)”????????!???????????????????????????,,
,?????????XrossLink?????“??????“,13,???12.5×16cm,?1?,????,27,2026-07,2026-07-10,0,,,https://res.cloudinary.com/dq60t7nqg/image/upload/v1783569276/kimetsu_no_yaiba_xrosslink_kamado_nezuko_os3fjt.webp,https://res.cloudinary.com/dq60t7nqg/image/upload/v1783569275/kimetsu_no_yaiba_xrosslink_kamado_nezuko2_w75sla.webp,https://res.cloudinary.com/dq60t7nqg/image/upload/v1783569277/kimetsu_no_yaiba_xrosslink_kamado_nezuko3_sm8cbq.webp,https://res.cloudinary.com/dq60t7nqg/image/upload/v1783569281/kimetsu_no_yaiba_xrosslink_kamado_tanjiro4_btw5bt.webp,https://res.cloudinary.com/dq60t7nqg/image/upload/v1783569276/kimetsu_no_yaiba_xrosslink_kamado_tanjiro5_hgmzla.webp,????????????!???????“XrossLink(??????)”????????!??????????????????????????,,
,Trio-Try-iT Figure??????,4,?19cm,?1?,????,31,2026-07,,0,,,https://res.cloudinary.com/dq60t7nqg/image/upload/v1783572872/trio_try_it_figure_itadori_yuuji_h5bip3.webp,https://res.cloudinary.com/dq60t7nqg/image/upload/v1783572870/trio_try_it_figure_itadori_yuuji2_jceudh.webp,https://res.cloudinary.com/dq60t7nqg/image/upload/v1783572872/trio_try_it_figure_itadori_yuuji3_ld3nq3.webp,https://res.cloudinary.com/dq60t7nqg/image/upload/v1783572873/trio_try_it_figure_itadori_yuuji4_j62nsa.webp,https://res.cloudinary.com/dq60t7nqg/image/upload/v1783572874/trio_try_it_figure_itadori_yuuji5_pvcfdi.webp,,,
,Trio-Try-iT Figure?????,38,?18cm,?1?,???,31,2026-07,,0,,,https://res.cloudinary.com/dq60t7nqg/image/upload/v1783572875/trio_try_it_figure_sesshoumaru_otz4mn.webp,https://res.cloudinary.com/dq60t7nqg/image/upload/v1783572876/trio_try_it_figure_sesshoumaru2_c5o81a.webp,https://res.cloudinary.com/dq60t7nqg/image/upload/v1783572877/trio_try_it_figure_sesshoumaru3_tge7ft.webp,https://res.cloudinary.com/dq60t7nqg/image/upload/v1783572878/trio_try_it_figure_sesshoumaru4_nlmezz.webp,https://res.cloudinary.com/dq60t7nqg/image/upload/v1783572879/trio_try_it_figure_sesshoumaru5_zvgoum.webp,,,
,Trio-Try-iT Figure?????,79,?18cm,?1?,????????,31,2026-07,,0,,1,https://res.cloudinary.com/dq60t7nqg/image/upload/v1783572865/trio_try_it_figure_suigintou_jsx3lf.webp,https://res.cloudinary.com/dq60t7nqg/image/upload/v1783572861/trio_try_it_figure_suigintou2_wb8i9h.webp,https://res.cloudinary.com/dq60t7nqg/image/upload/v1783572862/trio_try_it_figure_suigintou3_dtr2zd.webp,https://res.cloudinary.com/dq60t7nqg/image/upload/v1783572863/trio_try_it_figure_suigintou4_wzhkha.webp,https://res.cloudinary.com/dq60t7nqg/image/upload/v1783572862/trio_try_it_figure_suigintou5_plgkji.webp,,,
,Trio-Try-iT Figure??????,75,?20cm(???23cm),?1?,??????,31,2026-07,,0,,,https://res.cloudinary.com/dq60t7nqg/image/upload/v1783572880/trio_try_it_figure_shima_rin_nhvnzu.webp,https://res.cloudinary.com/dq60t7nqg/image/upload/v1783572882/trio_try_it_figure_shima_rin2_gk2tcf.webp,https://res.cloudinary.com/dq60t7nqg/image/upload/v1783572881/trio_try_it_figure_shima_rin3_kbmsvx.webp,https://res.cloudinary.com/dq60t7nqg/image/upload/v1783572883/trio_try_it_figure_shima_rin4_nge2uk.webp,https://res.cloudinary.com/dq60t7nqg/image/upload/v1783572884/trio_try_it_figure_shima_rin5_yko2g9.webp,,,
,Trio-Try-iT Figure??? ???,82,?19cm,?1?,???,31,2026-07,,0,,,https://res.cloudinary.com/dq60t7nqg/image/upload/v1783572864/trio_try_it_figure_uchida_yu_c5gezt.webp,https://res.cloudinary.com/dq60t7nqg/image/upload/v1783572866/trio_try_it_figure_uchida_yu2_qexscf.webp,https://res.cloudinary.com/dq60t7nqg/image/upload/v1783572868/trio_try_it_figure_uchida_yu3_ge9grh.webp,https://res.cloudinary.com/dq60t7nqg/image/upload/v1783572869/trio_try_it_figure_uchida_yu4_exnjlt.webp,https://res.cloudinary.com/dq60t7nqg/image/upload/v1783572867/trio_try_it_figure_uchida_yu5_nyzfmq.webp,,,
,?????????????????????,13,?11cm,?1?,????,36,2026-07,,0,,,https://res.cloudinary.com/dq60t7nqg/image/upload/v1783575569/noodle_stopper_figure_kochou_shinobu_ta8iga.webp,https://res.cloudinary.com/dq60t7nqg/image/upload/v1783575570/noodle_stopper_figure_kochou_shinobu2_smkxg1.webp,https://res.cloudinary.com/dq60t7nqg/image/upload/v1783575571/noodle_stopper_figure_kochou_shinobu3_lipb5w.webp,https://res.cloudinary.com/dq60t7nqg/image/upload/v1783575572/noodle_stopper_figure_kochou_shinobu4_dywhst.webp,,,,
,?????????????????????????,82,?10cm,?1?,???,36,2026-07,,0,,,https://res.cloudinary.com/dq60t7nqg/image/upload/v1783575550/noodle_stopper_figure_buzz_lightyear_ask4o1.webp,,,,,,,
,????????????????????????????ver.?,52,?10cm,?1?,??????,36,2026-07,,0,,,https://res.cloudinary.com/dq60t7nqg/image/upload/v1783575550/noodle_stopper_figure_goldenglow_natsu_no_kaben_ver_krhgoe.webp,https://res.cloudinary.com/dq60t7nqg/image/upload/v1783575551/noodle_stopper_figure_goldenglow_natsu_no_kaben_ver2_digien.webp,https://res.cloudinary.com/dq60t7nqg/image/upload/v1783575553/noodle_stopper_figure_goldenglow_natsu_no_kaben_ver3_trnple.webp,https://res.cloudinary.com/dq60t7nqg/image/upload/v1783575554/noodle_stopper_figure_goldenglow_natsu_no_kaben_ver4_bewdfe.webp,https://res.cloudinary.com/dq60t7nqg/image/upload/v1783575555/noodle_stopper_figure_goldenglow_natsu_no_kaben_ver5_bovfpl.webp,,,
,??????????????-???????ver.-,81,?10cm,?1?,???????,36,2026-07,,0,,,https://res.cloudinary.com/dq60t7nqg/image/upload/v1783575599/noodle_stopper_figure_black_bikini_ver_auacyv.webp,https://res.cloudinary.com/dq60t7nqg/image/upload/v1783575600/noodle_stopper_figure_black_bikini_ver2_vciucr.webp,https://res.cloudinary.com/dq60t7nqg/image/upload/v1783575601/noodle_stopper_figure_black_bikini_ver3_scyses.webp,https://res.cloudinary.com/dq60t7nqg/image/upload/v1783575603/noodle_stopper_figure_black_bikini_ver4_yqurs6.webp,,,,
,?????????????????????,82,?14cm,?1?,???,36,2026-07,,0,,,https://res.cloudinary.com/dq60t7nqg/image/upload/v1783575579/noodle_stopper_figure_makise_kurisu_knppg6.webp,https://res.cloudinary.com/dq60t7nqg/image/upload/v1783575580/noodle_stopper_figure_makise_kurisu2_f9fe9y.webp,https://res.cloudinary.com/dq60t7nqg/image/upload/v1783575582/noodle_stopper_figure_makise_kurisu3_xy0nrn.webp,https://res.cloudinary.com/dq60t7nqg/image/upload/v1783575583/noodle_stopper_figure_makise_kurisu4_w3vnxb.webp,,,,
,??????????????-????-,82,?13cm,?1?,???,36,2026-07,,0,,,https://res.cloudinary.com/dq60t7nqg/image/upload/v1783575594/noodle_stopper_figure_aisaka_taiga_a1ckm7.webp,https://res.cloudinary.com/dq60t7nqg/image/upload/v1783575594/noodle_stopper_figure_aisaka_taiga2_lbtmda.webp,https://res.cloudinary.com/dq60t7nqg/image/upload/v1783575596/noodle_stopper_figure_aisaka_taiga3_wo9lde.webp,https://res.cloudinary.com/dq60t7nqg/image/upload/v1783575597/noodle_stopper_figure_aisaka_taiga4_b5jjrx.webp,https://res.cloudinary.com/dq60t7nqg/image/upload/v1783575598/noodle_stopper_figure_aisaka_taiga5_p25r8e.webp,,,
,??????????????????? – ???????????,28,?15cm,?1?,?????:NIKKE,36,2026-07,,0,,1,https://res.cloudinary.com/dq60t7nqg/image/upload/v1783575590/noodle_stopper_figure_viper_shine_of_love_gpmz4k.webp,https://res.cloudinary.com/dq60t7nqg/image/upload/v1783575591/noodle_stopper_figure_viper_shine_of_love2_kma2da.webp,https://res.cloudinary.com/dq60t7nqg/image/upload/v1783575592/noodle_stopper_figure_viper_shine_of_love3_zw2knp.webp,,,,,
,?????????????????????,59,?15cm,?1?,???????????,36,2026-07,,0,,,https://res.cloudinary.com/dq60t7nqg/image/upload/v1783575558/noodle_stopper_figure_kaname_madoka_o2ydql.webp,https://res.cloudinary.com/dq60t7nqg/image/upload/v1783575560/noodle_stopper_figure_kaname_madoka2_ioro58.webp,https://res.cloudinary.com/dq60t7nqg/image/upload/v1783575561/noodle_stopper_figure_kaname_madoka3_jdhot0.webp,https://res.cloudinary.com/dq60t7nqg/image/upload/v1783575562/noodle_stopper_figure_kaname_madoka4_xzty6y.webp,https://res.cloudinary.com/dq60t7nqg/image/upload/v1783575563/noodle_stopper_figure_kaname_madoka5_lvlbv6.webp,,,
,????????????????????,82,?11cm,?1?,???,36,2026-07,,0,,,https://res.cloudinary.com/dq60t7nqg/image/upload/v1783575574/noodle_stopper_figure_maeda_keiji_ulgl0x.webp,https://res.cloudinary.com/dq60t7nqg/image/upload/v1783575575/noodle_stopper_figure_maeda_keiji2_vkvc4n.webp,https://res.cloudinary.com/dq60t7nqg/image/upload/v1783575576/noodle_stopper_figure_maeda_keiji3_lwmokx.webp,https://res.cloudinary.com/dq60t7nqg/image/upload/v1783575577/noodle_stopper_figure_maeda_keiji4_ea9gkb.webp,https://res.cloudinary.com/dq60t7nqg/image/upload/v1783575578/noodle_stopper_figure_maeda_keiji5_njliyc.webp,,,
,???????????????????,82,?10cm,?1?,???,36,2026-07,,0,,,https://res.cloudinary.com/dq60t7nqg/image/upload/v1783575556/noodle_stopper_figure_kaiji_fz5w8y.webp,https://res.cloudinary.com/dq60t7nqg/image/upload/v1783575564/noodle_stopper_figure_kaiji2_gydhyw.webp,https://res.cloudinary.com/dq60t7nqg/image/upload/v1783575557/noodle_stopper_figure_kaiji3_mi8xiy.webp,,,,,
,?????????????????-?????-,18,?17cm ??:10cm,?1?,????? #hololive,36,2026-07,,0,,1,https://res.cloudinary.com/dq60t7nqg/image/upload/v1783575584/noodle_stopper_figure_plus_shishiro_botan_rdxvjw.webp,https://res.cloudinary.com/dq60t7nqg/image/upload/v1783575585/noodle_stopper_figure_plus_shishiro_botan2_vicejw.webp,https://res.cloudinary.com/dq60t7nqg/image/upload/v1783575587/noodle_stopper_figure_plus_shishiro_botan3_cop3eh.webp,https://res.cloudinary.com/dq60t7nqg/image/upload/v1783575588/noodle_stopper_figure_plus_shishiro_botan4_a55xnp.webp,https://res.cloudinary.com/dq60t7nqg/image/upload/v1783575589/noodle_stopper_figure_plus_shishiro_botan5_lvfany.webp,,,
,??????????????????????ver.?,82,?15.5cm,?1?,???,36,2026-07,,0,,,https://res.cloudinary.com/dq60t7nqg/image/upload/v1783575565/noodle_stopper_figure_kasane_teto_ousama_ver_bwalbj.webp,https://res.cloudinary.com/dq60t7nqg/image/upload/v1783575567/noodle_stopper_figure_kasane_teto_ousama_ver2_lfbxmo.webp,https://res.cloudinary.com/dq60t7nqg/image/upload/v1783575568/noodle_stopper_figure_kasane_teto_ousama_ver3_ifmkwj.webp,,,,,
,BiCute Bunnies Figure ????,82,?28cm,?1?,???,32,2026-07,,0,,,https://res.cloudinary.com/dq60t7nqg/image/upload/v1783578550/bicute_bunnies_figure_ram_diq4jy.png,https://res.cloudinary.com/dq60t7nqg/image/upload/v1783578550/bicute_bunnies_figure_ram2_vx1g5d.png,https://res.cloudinary.com/dq60t7nqg/image/upload/v1783578550/bicute_bunnies_figure_ram3_pouqdu.png,,,,,
,BiCute Ribbons Figure ??????,22,?23cm,?1?,To LOVE? ,38,2026-07,,0,,,https://res.cloudinary.com/dq60t7nqg/image/upload/v1783578560/bicute_ribbons_figure_konjiki_no_yami_otgqal.png,https://res.cloudinary.com/dq60t7nqg/image/upload/v1783578560/bicute_ribbons_figure_konjiki_no_yami2_ltzvex.png,https://res.cloudinary.com/dq60t7nqg/image/upload/v1783578561/bicute_ribbons_figure_konjiki_no_yami3_lf1biv.png,,,,,
,BiCute Bunnies Figure ?????????????,51,?27cm,?1?,????????,32,2026-07,,,,,https://res.cloudinary.com/dq60t7nqg/image/upload/v1783578551/bicute_bunnies_figure_reisalin_stout_l10ct0.png,https://res.cloudinary.com/dq60t7nqg/image/upload/v1783578551/bicute_bunnies_figure_reisalin_stout2_xmtzgs.png,https://res.cloudinary.com/dq60t7nqg/image/upload/v1783578551/bicute_bunnies_figure_reisalin_stout3_m19czp.png,,,,,
,,,,?1?,,,,,,,,,,,,,,,
,,,,?1?,,,,,,,,,,,,,,,
